email,password,name
user1@example.com,password1,User 1
user2@example.com,password2,User 2
user3@example.com,password3,User 3
user4@example.com,password4,User 4
user5@example.com,password5,User 5
user6@example.com,password6,User 6
user7@example.com,password7,User 7
user8@example.com,password8,User 8
user9@example.com,password9,User 9
user10@example.com,password10,User 10
user11@example.com,password11,User 11
user12@example.com,password12,User 12
user13@example.com,password13,User 13
user14@example.com,password14,User 14
user15@example.com,password15,User 15
user16@example.com,password16,User 16
user17@example.com,password17,User 17
user18@example.com,password18,User 18
user19@example.com,password19,User 19
user20@example.com,password20,User 20
user21@example.com,password21,User 21
user22@example.com,password22,User 22
user23@example.com,password23,User 23
user24@example.com,password24,User 24
user25@example.com,password25,User 25
user26@example.com,password26,User 26
user27@example.com,password27,User 27
user28@example.com,password28,User 28
user29@example.com,password29,User 29
user30@example.com,password30,User 30
user31@example.com,password31,User 31
user32@example.com,password32,User 32
user33@example.com,password33,User 33
user34@example.com,password34,User 34
user35@example.com,password35,User 35
user36@example.com,password36,User 36
user37@example.com,password37,User 37
user38@example.com,password38,User 38
user39@example.com,password39,User 39
user40@example.com,password40,User 40
user41@example.com,password41,User 41
user42@example.com,password42,User 42
user43@example.com,password43,User 43
user44@example.com,password44,User 44
user45@example.com,password45,User 45
user46@example.com,password46,User 46
user47@example.com,password47,User 47
user48@example.com,password48,User 48
user49@example.com,password49,User 49
user50@example.com,password50,User 50
user51@example.com,password51,User 51
user52@example.com,password52,User 52
user53@example.com,password53,User 53
user54@example.com,password54,User 54
user55@example.com,password55,User 55
user56@example.com,password56,User 56
user57@example.com,password57,User 57
user58@example.com,password58,User 58
user59@example.com,password59,User 59
user60@example.com,password60,User 60
user61@example.com,password61,User 61
user62@example.com,password62,User 62
user63@example.com,password63,User 63
user64@example.com,password64,User 64
user65@example.com,password65,User 65
user66@example.com,password66,User 66
user67@example.com,password67,User 67
user68@example.com,password68,User 68
user69@example.com,password69,User 69
user70@example.com,password70,User 70
user71@example.com,password71,User 71
user72@example.com,password72,User 72
user73@example.com,password73,User 73
user74@example.com,password74,User 74
user75@example.com,password75,User 75
user76@example.com,password76,User 76
user77@example.com,password77,User 77
user78@example.com,password78,User 78
user79@example.com,password79,User 79
user80@example.com,password80,User 80
user81@example.com,password81,User 81
user82@example.com,password82,User 82
user83@example.com,password83,User 83
user84@example.com,password84,User 84
user85@example.com,password85,User 85
user86@example.com,password86,User 86
user87@example.com,password87,User 87
user88@example.com,password88,User 88
user89@example.com,password89,User 89
user90@example.com,password90,User 90
user91@example.com,password91,User 91
user92@example.com,password92,User 92
user93@example.com,password93,User 93
user94@example.com,password94,User 94
user95@example.com,password95,User 95
user96@example.com,password96,User 96
user97@example.com,password97,User 97
user98@example.com,password98,User 98
user99@example.com,password99,User 99
user100@example.com,password100,User 100
